Variant Number,Card Name,Set,Set Prefix,Rarity,Variant Type,Variant Label,Foil,Quantity,Language,Condition,Grading Company,Grading Value,Grading Label,Notes
OGN-001,Blazing Scorcher,Origins,OGN,Common,Standard,Standard,false,3,English,Near Mint,,,,
OGN-001,Blazing Scorcher,Origins,OGN,Common,Standard,Standard,false,1,English,,,,,
OGN-002,Brazen Buccaneer,Origins,OGN,Common,Standard,Standard,false,1,English,,,,,
OGN-002,Brazen Buccaneer,Origins,OGN,Common,Standard,Standard,false,2,English,Near Mint,,,,
OGN-003,Chemtech Enforcer,Origins,OGN,Common,Standard,Standard,false,1,English,,,,,
OGN-003,Chemtech Enforcer,Origins,OGN,Common,Standard,Standard,false,6,English,Near Mint,,,,
OGN-004,Cleave,Origins,OGN,Common,Standard,Standard,false,5,English,Near Mint,,,,
OGN-004,Cleave,Origins,OGN,Common,Standard,Standard,false,1,English,,,,,
OGN-005,Disintegrate,Origins,OGN,Common,Standard,Standard,false,1,English,,,,,
OGN-005,Disintegrate,Origins,OGN,Common,Standard,Standard,false,2,English,Near Mint,,,,
OGN-006,Flame Chompers,Origins,OGN,Common,Standard,Standard,false,1,English,,,,,
OGN-006,Flame Chompers,Origins,OGN,Common,Standard,Standard,false,2,English,Near Mint,,,,
OGN-007,Fury Rune,Origins,OGN,Common,Standard,OGN Rune,false,5,English,Near Mint,,,,
OGN-007,Fury Rune,Origins,OGN,Common,Standard,OGN Rune,false,3,English,,,,,
OGN-007a,Fury Rune,Origins,OGN,Showcase,Alt Art,OGN Foil,true,1,English,,,,,
OGN-007b,Fury Rune,Origins | Nexus Night,OGN-NN,Showcase,Promo,OGN Nexus Night Promo,true,1,English,,,,,
OGN-008,Get Excited!,Origins,OGN,Common,Standard,Standard,false,4,English,Near Mint,,,,
OGN-008,Get Excited!,Origins,OGN,Common,Standard,Standard,false,1,English,,,,,
OGN-009,Hextech Ray,Origins,OGN,Common,Standard,Standard,false,1,English,,,,,
OGN-009,Hextech Ray,Origins,OGN,Common,Standard,Standard,false,3,English,Near Mint,,,,
OGN-010,Legion Rearguard,Origins,OGN,Common,Standard,Standard,false,5,English,Near Mint,,,,
OGN-011,Magma Wurm,Origins,OGN,Common,Standard,Standard,false,3,English,Near Mint,,,,
OGN-012,Noxus Hopeful,Origins,OGN,Common,Standard,Standard,false,1,English,Near Mint,,,,
OGN-013,Pouty Poro,Origins,OGN,Common,Standard,Standard,false,4,English,Near Mint,,,,
OGN-014,Sky Splitter,Origins,OGN,Common,Standard,Standard,false,3,English,Near Mint,,,,
OGN-015,Captain Farron,Origins,OGN,Uncommon,Standard,Standard,false,2,English,Near Mint,,,,
OGN-016,Dangerous Duo,Origins,OGN,Uncommon,Standard,Standard,false,1,English,Near Mint,,,,
OGN-017,Iron Ballista,Origins,OGN,Uncommon,Standard,Standard,false,2,English,Near Mint,,,,
OGN-018,Noxus Saboteur,Origins,OGN,Uncommon,Standard,Standard,false,4,English,Near Mint,,,,
OGN-019,Raging Soul,Origins,OGN,Uncommon,Standard,Standard,false,1,English,Near Mint,,,,
OGN-020,Scrapyard Champion,Origins,OGN,Uncommon,Standard,Standard,false,1,English,Near Mint,,,,
OGN-021,Sun Disc,Origins,OGN,Uncommon,Standard,Standard,false,2,English,Near Mint,,,,
OGN-022,Thermo Beam,Origins,OGN,Uncommon,Standard,Standard,false,2,English,Near Mint,,,,
OGN-023,Unlicensed Armory,Origins,OGN,Uncommon,Standard,Standard,false,1,English,Near Mint,,,,
OGN-024,Void Seeker,Origins,OGN,Uncommon,Standard,Standard,false,2,English,Near Mint,,,,
OGN-025,Blind Fury,Origins,OGN,Rare,Standard,Standard,true,2,English,Near Mint,,,,
OGN-028,"Draven, Showboat",Origins,OGN,Rare,Standard,Standard,true,1,English,Near Mint,,,,
OGN-030,"Jinx, Demolitionist",Origins,OGN,Rare,Standard,Standard,true,2,English,Near Mint,,,,
OGN-033,Shakedown,Origins,OGN,Rare,Standard,Standard,true,1,English,Near Mint,,,,
OGN-035,"Vayne, Hunter",Origins,OGN,Rare,Standard,Standard,true,1,English,Near Mint,,,,
OGN-036,"Vi, Destructive",Origins,OGN,Rare,Standard,Standard,true,1,English,,,,,
OGN-036,"Vi, Destructive",Origins,OGN,Rare,Standard,Standard,true,1,English,Near Mint,,,,
OGN-042,Calm Rune,Origins,OGN,Common,Standard,OGN Rune,false,1,English,,,,,
OGN-042,Calm Rune,Origins,OGN,Common,Standard,OGN Rune,false,2,English,Near Mint,,,,
OGN-043,Charm,Origins,OGN,Common,Standard,Standard,false,3,English,Near Mint,,,,
OGN-044,Clockwork Keeper,Origins,OGN,Common,Standard,Standard,false,4,English,Near Mint,,,,
OGN-044,Clockwork Keeper,Origins,OGN,Common,Standard,Standard,true,1,English,Near Mint,,,,
OGN-045,Defy,Origins,OGN,Common,Standard,Standard,false,3,English,Near Mint,,,,
OGN-046,En Garde,Origins,OGN,Common,Standard,Standard,false,4,English,Near Mint,,,,
OGN-047,Find Your Center,Origins,OGN,Common,Standard,Standard,false,3,English,Near Mint,,,,
OGN-048,Meditation,Origins,OGN,Common,Standard,Standard,false,5,English,Near Mint,,,,
OGN-049,Playful Phantom,Origins,OGN,Common,Standard,Standard,false,3,English,Near Mint,,,,
OGN-050,Rune Prison,Origins,OGN,Common,Standard,Standard,false,4,English,Near Mint,,,,
OGN-051,Solari Shieldbearer,Origins,OGN,Common,Standard,Standard,false,2,English,Near Mint,,,,
OGN-052,Stalwart Poro,Origins,OGN,Common,Standard,Standard,false,4,English,Near Mint,,,,
OGN-053,Stand United,Origins,OGN,Common,Standard,Standard,false,3,English,Near Mint,,,,
OGN-054,Sunlit Guardian,Origins,OGN,Common,Standard,Standard,false,4,English,Near Mint,,,,
OGN-055,Wielder of Water,Origins,OGN,Common,Standard,Standard,true,1,English,Near Mint,,,,
OGN-055,Wielder of Water,Origins,OGN,Common,Standard,Standard,false,4,English,Near Mint,,,,
OGN-057,Block,Origins,OGN,Uncommon,Standard,Standard,false,1,English,Near Mint,,,,
OGN-058,Discipline,Origins,OGN,Uncommon,Standard,Standard,false,3,English,Near Mint,,,,
OGN-058,Discipline,Origins,OGN,Uncommon,Standard,Standard,true,1,English,Near Mint,,,,
OGN-059,Eclipse Herald,Origins,OGN,Uncommon,Standard,Standard,false,2,English,Near Mint,,,,
OGN-060,Mask of Foresight,Origins,OGN,Uncommon,Standard,Standard,false,1,English,Near Mint,,,,
OGN-061,Poro Herder,Origins,OGN,Uncommon,Standard,Standard,false,1,English,Near Mint,,,,
OGN-062,Reinforce,Origins,OGN,Uncommon,Standard,Standard,false,1,English,Near Mint,,,,
OGN-063,Spirit's Refuge,Origins,OGN,Uncommon,Standard,Standard,false,1,English,Near Mint,,,,
OGN-064,Wind Wall,Origins,OGN,Uncommon,Standard,Standard,false,2,English,Near Mint,,,,
OGN-065,Wizened Elder,Origins,OGN,Uncommon,Standard,Standard,false,2,English,Near Mint,,,,
OGN-066,"Ahri, Alluring",Origins,OGN,Rare,Standard,Standard,true,1,English,Near Mint,,,,
OGN-069,Last Stand,Origins,OGN,Rare,Standard,Standard,true,1,English,Near Mint,,,,
OGN-071,Party Favors,Origins,OGN,Rare,Standard,Standard,true,2,English,Near Mint,,,,
OGN-072,Solari Shrine,Origins,OGN,Rare,Standard,Standard,true,1,English,Near Mint,,,,
OGN-074,"Taric, Protector",Origins,OGN,Rare,Standard,Standard,true,1,English,Near Mint,,,,
OGN-076,"Yasuo, Remorseful",Origins,OGN,Rare,Standard,Standard,true,2,English,Near Mint,,,,
OGN-077,Zhonya's Hourglass,Origins,OGN,Rare,Standard,Standard,true,1,English,Near Mint,,,,
OGN-078,"Lee Sin, Ascetic",Origins,OGN,Epic,Standard,Standard,true,1,English,Near Mint,,,,
OGN-083,Consult the Past,Origins,OGN,Common,Standard,Standard,false,4,English,Near Mint,,,,
OGN-084,Eager Apprentice,Origins,OGN,Common,Standard,Standard,false,4,English,Near Mint,,,,
OGN-085,Falling Comet,Origins,OGN,Common,Standard,Standard,false,4,English,Near Mint,,,,
OGN-086,Jeweled Colossus,Origins,OGN,Common,Standard,Standard,false,1,English,Near Mint,,,,
OGN-087,Lecturing Yordle,Origins,OGN,Common,Standard,Standard,false,4,English,Near Mint,,,,
OGN-088,Mega-Mech,Origins,OGN,Common,Standard,Standard,false,2,English,Near Mint,,,,
OGN-089,Mind Rune,Origins,OGN,Common,Standard,OGN Rune,false,5,English,Near Mint,,,,
OGN-089,Mind Rune,Origins,OGN,Common,Standard,OGN Rune,false,2,English,,,,,
OGN-090,Orb of Regret,Origins,OGN,Common,Standard,Standard,false,5,English,Near Mint,,,,
OGN-091,Pit Crew,Origins,OGN,Common,Standard,Standard,false,4,English,Near Mint,,,,
OGN-092,Riptide Rex,Origins,OGN,Common,Standard,Standard,false,3,English,Near Mint,,,,
OGN-093,Smoke Screen,Origins,OGN,Common,Standard,Standard,false,2,English,Near Mint,,,,
OGN-094,Sprite Call,Origins,OGN,Common,Standard,Standard,false,4,English,Near Mint,,,,
OGN-095,Stupefy,Origins,OGN,Common,Standard,Standard,false,4,English,Near Mint,,,,
OGN-096,Watchful Sentry,Origins,OGN,Common,Standard,Standard,false,5,English,Near Mint,,,,
OGN-098,Energy Conduit,Origins,OGN,Uncommon,Standard,Standard,false,1,English,Near Mint,,,,
OGN-099,Garbage Grabber,Origins,OGN,Uncommon,Standard,Standard,false,3,English,Near Mint,,,,
OGN-100,Gemcraft Seer,Origins,OGN,Uncommon,Standard,Standard,false,1,English,Near Mint,,,,
OGN-101,Mushroom Pouch,Origins,OGN,Uncommon,Standard,Standard,false,1,English,Near Mint,,,,
OGN-102,Portal Rescue,Origins,OGN,Uncommon,Standard,Standard,false,1,English,Near Mint,,,,
OGN-103,Ravenbloom Student,Origins,OGN,Uncommon,Standard,Standard,false,1,English,Near Mint,,,,
OGN-104,Retreat,Origins,OGN,Uncommon,Standard,Standard,false,1,English,Near Mint,,,,
OGN-105,Singularity,Origins,OGN,Uncommon,Standard,Standard,false,3,English,Near Mint,,,,
OGN-106,Sprite Mother,Origins,OGN,Uncommon,Standard,Standard,false,1,English,Near Mint,,,,
OGN-107,Ava Achiever,Origins,OGN,Rare,Standard,Standard,true,1,English,Near Mint,,,,
OGN-108,Convergent Mutation,Origins,OGN,Rare,Standard,Standard,true,1,English,Near Mint,,,,
OGN-110,"Ekko, Recurrent",Origins,OGN,Rare,Standard,Standard,true,1,English,Near Mint,,,,
OGN-111,"Heimerdinger, Inventor",Origins,OGN,Rare,Standard,Standard,true,1,English,Near Mint,,,,
OGN-112,"Kai'Sa, Evolutionary",Origins,OGN,Rare,Standard,Standard,true,2,English,Near Mint,,,,
OGN-115,Promising Future,Origins,OGN,Rare,Standard,Standard,true,1,English,Near Mint,,,,
OGN-117,"Viktor, Innovator",Origins,OGN,Rare,Standard,Standard,true,2,English,Near Mint,,,,
OGN-118,Wraith of Echoes,Origins,OGN,Rare,Standard,Standard,true,1,English,Near Mint,,,,
OGN-124,Arena Bar,Origins,OGN,Common,Standard,Standard,false,4,English,Near Mint,,,,
OGN-125,Bilgewater Bully,Origins,OGN,Common,Standard,Standard,false,6,English,Near Mint,,,,
OGN-126,Body Rune,Origins,OGN,Common,Standard,OGN Rune,false,4,English,Near Mint,,,,
OGN-127,Cannon Barrage,Origins,OGN,Common,Standard,Standard,false,4,English,Near Mint,,,,
OGN-128,Challenge,Origins,OGN,Common,Standard,Standard,false,2,English,Near Mint,,,,
OGN-129,Confront,Origins,OGN,Common,Standard,Standard,false,4,English,Near Mint,,,,
OGN-130,Crackshot Corsair,Origins,OGN,Common,Standard,Standard,false,3,English,Near Mint,,,,
OGN-131,Dune Drake,Origins,OGN,Common,Standard,Standard,false,2,English,Near Mint,,,,
OGN-132,First Mate,Origins,OGN,Common,Standard,Standard,false,1,English,Near Mint,,,,
OGN-133,Flurry of Blades,Origins,OGN,Common,Standard,Standard,false,6,English,Near Mint,,,,
OGN-134,Mobilize,Origins,OGN,Common,Standard,Standard,false,4,English,Near Mint,,,,
OGN-135,Pakaa Cub,Origins,OGN,Common,Standard,Standard,false,2,English,Near Mint,,,,
OGN-136,Pit Rookie,Origins,OGN,Common,Standard,Standard,true,1,English,Near Mint,,,,
OGN-136,Pit Rookie,Origins,OGN,Common,Standard,Standard,false,7,English,Near Mint,,,,
OGN-137,Stormclaw Ursine,Origins,OGN,Common,Standard,Standard,false,2,English,Near Mint,,,,
OGN-138,Catalyst of Aeons,Origins,OGN,Uncommon,Standard,Standard,false,2,English,Near Mint,,,,
OGN-139,Cithria of Cloudfield,Origins,OGN,Uncommon,Standard,Standard,false,2,English,Near Mint,,,,
OGN-140,Herald of Scales,Origins,OGN,Uncommon,Standard,Standard,false,2,English,Near Mint,,,,
OGN-141,Kinkou Monk,Origins,OGN,Uncommon,Standard,Standard,false,3,English,Near Mint,,,,
OGN-142,Mountain Drake,Origins,OGN,Uncommon,Standard,Standard,false,1,English,Near Mint,,,,
OGN-143,Pirate's Haven,Origins,OGN,Uncommon,Standard,Standard,false,1,English,Near Mint,,,,
OGN-145,Unyielding Spirit,Origins,OGN,Uncommon,Standard,Standard,false,1,English,Near Mint,,,,
OGN-146,Wallop,Origins,OGN,Uncommon,Standard,Standard,false,2,English,Near Mint,,,,
OGN-147,Wildclaw Shaman,Origins,OGN,Uncommon,Standard,Standard,false,2,English,Near Mint,,,,
OGN-148,"Anivia, Primal",Origins,OGN,Rare,Standard,Standard,true,1,English,Near Mint,,,,
OGN-151,"Lee Sin, Centered",Origins,OGN,Rare,Standard,Standard,true,1,English,Near Mint,,,,
OGN-152,Mistfall,Origins,OGN,Rare,Standard,Standard,true,3,English,Near Mint,,,,
OGN-153,Overt Operation,Origins,OGN,Rare,Standard,Standard,true,3,English,Near Mint,,,,
OGN-154,Primal Strength,Origins,OGN,Rare,Standard,Standard,true,1,English,Near Mint,,,,
OGN-156,Sabotage,Origins,OGN,Rare,Standard,Standard,true,1,English,Near Mint,,,,
OGN-158,"Volibear, Imposing",Origins,OGN,Rare,Standard,Standard,true,1,English,Near Mint,,,,
OGN-159,"Warwick, Hunter",Origins,OGN,Rare,Standard,Standard,true,1,English,Near Mint,,,,
OGN-163,Seal of Strength,Origins,OGN,Epic,Standard,Standard,true,1,English,Near Mint,,,,
OGN-164,"Sett, Brawler",Origins,OGN,Epic,Standard,Standard,true,1,English,Near Mint,,,,
OGN-165,Cemetery Attendant,Origins,OGN,Common,Standard,Standard,false,3,English,Near Mint,,,,
OGN-166,Chaos Rune,Origins,OGN,Common,Standard,OGN Rune,false,2,English,,,,,
OGN-166,Chaos Rune,Origins,OGN,Common,Standard,OGN Rune,false,3,English,Near Mint,,,,
OGN-166a,Chaos Rune,Origins,OGN,Showcase,Alt Art,OGN Foil,true,1,English,Near Mint,,,,
OGN-167,Ember Monk,Origins,OGN,Common,Standard,Standard,false,5,English,Near Mint,,,,
OGN-168,Fight or Flight,Origins,OGN,Common,Standard,Standard,false,4,English,Near Mint,,,,
OGN-169,Gust,Origins,OGN,Common,Standard,Standard,false,5,English,Near Mint,,,,
OGN-170,Morbid Return,Origins,OGN,Common,Standard,Standard,false,4,English,Near Mint,,,,
OGN-171,Mystic Poro,Origins,OGN,Common,Standard,Standard,false,5,English,Near Mint,,,,
OGN-172,Rebuke,Origins,OGN,Common,Standard,Standard,false,2,English,Near Mint,,,,
OGN-173,Ride the Wind,Origins,OGN,Common,Standard,Standard,false,3,English,Near Mint,,,,
OGN-174,Sai Scout,Origins,OGN,Common,Standard,Standard,false,4,English,Near Mint,,,,
OGN-175,Shipyard Skulker,Origins,OGN,Common,Standard,Standard,false,3,English,Near Mint,,,,
OGN-176,Sneaky Deckhand,Origins,OGN,Common,Standard,Standard,false,2,English,Near Mint,,,,
OGN-177,Stealthy Pursuer,Origins,OGN,Common,Standard,Standard,false,1,English,Near Mint,,,,
OGN-178,Undercover Agent,Origins,OGN,Common,Standard,Standard,false,3,English,Near Mint,,,,
OGN-179,Acceptable Losses,Origins,OGN,Uncommon,Standard,Standard,false,3,English,Near Mint,,,,
OGN-181,Pack of Wonders,Origins,OGN,Uncommon,Standard,Standard,false,2,English,Near Mint,,,,
OGN-182,Scrapheap,Origins,OGN,Uncommon,Standard,Standard,false,2,English,Near Mint,,,,
OGN-183,Stacked Deck,Origins,OGN,Uncommon,Standard,Standard,false,1,English,Near Mint,,,,
OGN-184,The Syren,Origins,OGN,Uncommon,Standard,Standard,false,1,English,Near Mint,,,,
OGN-185,Traveling Merchant,Origins,OGN,Uncommon,Standard,Standard,false,2,English,Near Mint,,,,
OGN-186,Treasure Trove,Origins,OGN,Uncommon,Standard,Standard,false,1,English,Near Mint,,,,
OGN-187,Whirlwind,Origins,OGN,Uncommon,Standard,Standard,false,1,English,Near Mint,,,,
OGN-188,Zaunite Bouncer,Origins,OGN,Uncommon,Standard,Standard,true,1,English,Near Mint,,,,
OGN-188,Zaunite Bouncer,Origins,OGN,Uncommon,Standard,Standard,false,1,English,Near Mint,,,,
OGN-189,"Kayn, Unleashed",Origins,OGN,Rare,Standard,Standard,true,1,English,Near Mint,,,,
OGN-192,Mindsplitter,Origins,OGN,Rare,Standard,Standard,true,1,English,Near Mint,,,,
OGN-194,"Nocturne, Horrifying",Origins,OGN,Rare,Standard,Standard,true,2,English,Near Mint,,,,
OGN-197,"Teemo, Scout",Origins,OGN,Rare,Standard,Standard,true,1,English,Near Mint,,,,
OGN-199,Tideturner,Origins,OGN,Rare,Standard,Standard,true,2,English,Near Mint,,,,
OGN-200,"Twisted Fate, Gambler",Origins,OGN,Rare,Standard,Standard,true,1,English,Near Mint,,,,
OGN-203,Possession,Origins,OGN,Epic,Standard,Standard,true,1,English,Near Mint,,,,
OGN-205a,"Yasuo, Windrider",Origins,OGN,Showcase,Alt Art,Alt Art,true,1,English,Near Mint,,,,
OGN-206,Back to Back,Origins,OGN,Common,Standard,Standard,false,3,English,Near Mint,,,,
OGN-207,Call to Glory,Origins,OGN,Common,Standard,Standard,false,5,English,Near Mint,,,,
OGN-208,Cruel Patron,Origins,OGN,Common,Standard,Standard,false,4,English,Near Mint,,,,
OGN-209,Cull the Weak,Origins,OGN,Common,Standard,Standard,false,2,English,Near Mint,,,,
OGN-210,Daring Poro,Origins,OGN,Common,Standard,Standard,false,2,English,Near Mint,,,,
OGN-211,Faithful Manufactor,Origins,OGN,Common,Standard,Standard,false,3,English,Near Mint,,,,
OGN-212,Forge of the Future,Origins,OGN,Common,Standard,Standard,false,5,English,Near Mint,,,,
OGN-212,Forge of the Future,Origins,OGN,Common,Standard,Standard,false,1,English,,,,,
OGN-213,Hidden Blade,Origins,OGN,Common,Standard,Standard,false,2,English,Near Mint,,,,
OGN-214,Order Rune,Origins,OGN,Common,Standard,OGN Rune,false,1,English,,,,,
OGN-215,Petty Officer,Origins,OGN,Common,Standard,Standard,false,3,English,Near Mint,,,,
OGN-216,Soaring Scout,Origins,OGN,Common,Standard,Standard,false,7,English,Near Mint,,,,
OGN-217,Trifarian Gloryseeker,Origins,OGN,Common,Standard,Standard,false,3,English,Near Mint,,,,
OGN-218,Vanguard Captain,Origins,OGN,Common,Standard,Standard,false,2,English,Near Mint,,,,
OGN-219,Vanguard Sergeant,Origins,OGN,Common,Standard,Standard,false,3,English,Near Mint,,,,
OGN-220,Facebreaker,Origins,OGN,Uncommon,Standard,Standard,false,3,English,Near Mint,,,,
OGN-222,Noxian Drummer,Origins,OGN,Uncommon,Standard,Standard,false,1,English,Near Mint,,,,
OGN-223,Peak Guardian,Origins,OGN,Uncommon,Standard,Standard,false,1,English,Near Mint,,,,
OGN-224,Salvage,Origins,OGN,Uncommon,Standard,Standard,false,2,English,Near Mint,,,,
OGN-225,Solari Chief,Origins,OGN,Uncommon,Standard,Standard,false,1,English,Near Mint,,,,
OGN-226,Spectral Matron,Origins,OGN,Uncommon,Standard,Standard,false,2,English,,,,,
OGN-227,Symbol of the Solari,Origins,OGN,Uncommon,Standard,Standard,false,1,English,Near Mint,,,,
OGN-228,Vanguard Helm,Origins,OGN,Uncommon,Standard,Standard,false,2,English,Near Mint,,,,
OGN-229,Vengeance,Origins,OGN,Uncommon,Standard,Standard,false,2,English,Near Mint,,,,
OGN-229,Vengeance,Origins,OGN,Uncommon,Standard,Standard,true,1,English,Near Mint,,,,
OGN-230,Albus Ferros,Origins,OGN,Rare,Standard,Standard,true,1,English,Near Mint,,,,
OGN-233,Grand Strategem,Origins,OGN,Rare,Standard,Standard,true,2,English,Near Mint,,,,
OGN-235,"Karma, Channeler",Origins,OGN,Rare,Standard,Standard,true,1,English,Near Mint,,,,
OGN-238,"Leona, Determined",Origins,OGN,Rare,Standard,Standard,true,1,English,Near Mint,,,,
OGN-240,"Sett, Kingpin",Origins,OGN,Rare,Standard,Standard,true,2,English,Near Mint,,,,
OGN-241,"Shen, Kinkou",Origins,OGN,Rare,Standard,Standard,true,2,English,Near Mint,,,,
OGN-245,Seal of Unity,Origins,OGN,Epic,Standard,Standard,true,1,English,Near Mint,,,,
OGN-246a,"Viktor, Leader",Origins,OGN,Showcase,Alt Art,Alt Art,true,1,English,Near Mint,,,,
OGN-247,"Kai'Sa, Daughter of the Void",Origins,OGN,Rare,Standard,Standard,true,1,English,Near Mint,,,,
OGN-251,"Jinx, Loose Cannon",Origins,OGN,Rare,Standard,Standard,true,1,English,Near Mint,,,,
OGN-252,Super Mega Death Rocket!,Origins,OGN,Epic,Standard,Standard,true,1,English,Near Mint,,,,
OGN-253,"Darius, Hand of Noxus",Origins,OGN,Rare,Standard,Standard,true,1,English,Near Mint,,,,
OGN-257,"Lee Sin, Blind Monk",Origins,OGN,Rare,Standard,Standard,true,2,English,Near Mint,,,,
OGN-258,Dragon's Rage,Origins,OGN,Epic,Standard,Standard,true,1,English,Near Mint,,,,
OGN-259,"Yasuo, Unforgiven",Origins,OGN,Rare,Standard,Standard,true,1,English,Near Mint,,,,
OGN-263,"Teemo, Swift Scout",Origins,OGN,Rare,Standard,Standard,true,1,English,Near Mint,,,,
OGN-264,Guerilla Warfare,Origins,OGN,Epic,Standard,Standard,true,1,English,Near Mint,,,,
OGN-265,"Viktor, Herald of the Arcane",Origins,OGN,Rare,Standard,Standard,true,1,English,Near Mint,,,,
OGN-266,Siphon Power,Origins,OGN,Epic,Standard,Standard,true,1,English,Near Mint,,,,
OGN-267,"Miss Fortune, Bounty Hunter",Origins,OGN,Rare,Standard,Standard,true,1,English,Near Mint,,,,
OGN-269,"Sett, The Boss",Origins,OGN,Rare,Standard,Standard,true,1,English,Near Mint,,,,
OGN-274,Sprite,Origins,OGN,Common,Standard,Standard,false,2,English,Near Mint,,,,
OGN-275,Altar to Unity,Origins,OGN,Uncommon,Standard,Standard,true,1,English,Near Mint,,,,
OGN-275,Altar to Unity,Origins,OGN,Uncommon,Standard,Standard,false,2,English,Near Mint,,,,
OGN-276,Aspirant's Climb,Origins,OGN,Uncommon,Standard,Standard,false,2,English,Near Mint,,,,
OGN-277,Back-Alley Bar,Origins,OGN,Uncommon,Standard,Standard,false,2,English,Near Mint,,,,
OGN-278,Bandle Tree,Origins,OGN,Uncommon,Standard,Standard,false,2,English,Near Mint,,,,
OGN-279,Fortified Position,Origins,OGN,Uncommon,Standard,Standard,false,1,English,Near Mint,,,,
OGN-280,Grove of the God-Willow,Origins,OGN,Uncommon,Standard,Standard,false,1,English,Near Mint,,,,
OGN-281,Hallowed Tomb,Origins,OGN,Uncommon,Standard,Standard,false,1,English,Near Mint,,,,
OGN-282,Monastery of Hirana,Origins,OGN,Uncommon,Standard,Standard,false,1,English,Near Mint,,,,
OGN-284,Obelisk of Power,Origins,OGN,Uncommon,Standard,Standard,false,3,English,Near Mint,,,,
OGN-285,Reaver's Row,Origins,OGN,Uncommon,Standard,Standard,false,2,English,Near Mint,,,,
OGN-286,Reckoner's Arena,Origins,OGN,Uncommon,Standard,Standard,false,1,English,Near Mint,,,,
OGN-287,Sigil of the Storm,Origins,OGN,Uncommon,Standard,Standard,false,2,English,Near Mint,,,,
OGN-288,Startipped Peak,Origins,OGN,Uncommon,Standard,Standard,false,1,English,Near Mint,,,,
OGN-290,The Arena's Greatest,Origins,OGN,Uncommon,Standard,Standard,false,2,English,Near Mint,,,,
OGN-291,The Candlelit Sanctum,Origins,OGN,Uncommon,Standard,Standard,false,2,English,Near Mint,,,,
OGN-292,The Dreaming Tree,Origins,OGN,Uncommon,Standard,Standard,false,1,English,Near Mint,,,,
OGN-293,The Grand Plaza,Origins,OGN,Uncommon,Standard,,false,1,English,Near Mint,,,,
OGN-295,Vilemaw's Lair,Origins,OGN,Uncommon,Standard,Standard,false,1,English,Near Mint,,,,
OGN-298,Zaun Warrens,Origins,OGN,Uncommon,Standard,Standard,false,1,English,Near Mint,,,,
OGN-999,Buff,Origins,OGN,Common,Standard,Standard,false,1,English,Near Mint,,,,
SFD-001,Against the Odds,Spiritforged,SFD,Common,Standard,Standard,false,4,English,Near Mint,,,,
SFD-002,Armed Assailant,Spiritforged,SFD,Common,Standard,Standard,false,5,English,Near Mint,,,,
SFD-003,Blood Rush,Spiritforged,SFD,Common,Standard,Standard,false,4,English,Near Mint,,,,
SFD-004,Bushwhack,Spiritforged,SFD,Common,Standard,Standard,false,4,English,Near Mint,,,,
SFD-005,Detonate,Spiritforged,SFD,Common,Standard,Standard,false,4,English,Near Mint,,,,
SFD-006,Eager Drakehound,Spiritforged,SFD,Common,Standard,Standard,false,5,English,Near Mint,,,,
SFD-007,Gem Jammer,Spiritforged,SFD,Common,Standard,Standard,false,4,English,Near Mint,,,,
SFD-008,Sentinel Adept,Spiritforged,SFD,Common,Standard,Standard,false,4,English,Near Mint,,,,
SFD-009,Serrated Dirk,Spiritforged,SFD,Common,Standard,Standard,false,2,English,,,,,
SFD-009,Serrated Dirk,Spiritforged,SFD,Common,Standard,Standard,false,4,English,Near Mint,,,,
SFD-010,Void Drone,Spiritforged,SFD,Common,Standard,Standard,false,2,English,Near Mint,,,,
SFD-011,Angle Shot,Spiritforged,SFD,Uncommon,Standard,Standard,false,2,English,Near Mint,,,,
SFD-012,Battering Ram,Spiritforged,SFD,Uncommon,Standard,Standard,false,2,English,Near Mint,,,,
SFD-013,Blast Corps Cadet,Spiritforged,SFD,Uncommon,Standard,Standard,false,2,English,Near Mint,,,,
SFD-014,Minotaur Reckoner,Spiritforged,SFD,Uncommon,Standard,Standard,false,1,English,Near Mint,,,,
SFD-015,Perched Grimwyrm,Spiritforged,SFD,Uncommon,Standard,Standard,false,1,English,Near Mint,,,,
SFD-016,Recurve Bow,Spiritforged,SFD,Uncommon,Standard,Standard,false,1,English,Near Mint,,,,
SFD-017,Sudden Storm,Spiritforged,SFD,Uncommon,Standard,Standard,false,1,English,Near Mint,,,,
SFD-018,Void Hatchling,Spiritforged,SFD,Uncommon,Standard,Standard,false,1,English,Near Mint,,,,
SFD-019,Assembly Rig,Spiritforged,SFD,Rare,Standard,Standard,true,1,English,Near Mint,,,,
SFD-020,"Draven, Vanquisher",Spiritforged,SFD,Rare,Standard,Standard,true,1,English,Near Mint,,,,
SFD-021,Ferrous Forerunner,Spiritforged,SFD,Rare,Standard,Standard,true,1,English,Near Mint,,,,
SFD-022,Long Sword,Spiritforged,SFD,Rare,Standard,Standard,true,1,English,Near Mint,,,,
SFD-023,Piercing Light,Spiritforged,SFD,Rare,Standard,Standard,true,1,English,Near Mint,,,,
SFD-024,"Rell, Magnetic",Spiritforged,SFD,Rare,Standard,Standard,true,1,English,Near Mint,,,,
SFD-030,Skyfall of Areion,Spiritforged,SFD,Epic,Standard,Standard,true,2,English,Near Mint,,,,
SFD-031,Desert's Call,Spiritforged,SFD,Common,Standard,Standard,false,3,English,Near Mint,,,,
SFD-032,Disarming Rake,Spiritforged,SFD,Common,Standard,Standard,false,5,English,Near Mint,,,,
SFD-033,Doran's Shield,Spiritforged,SFD,Common,Standard,Standard,true,1,English,Near Mint,,,,
SFD-033,Doran's Shield,Spiritforged,SFD,Common,Standard,Standard,false,2,English,Near Mint,,,,
SFD-034,Feral Strength,Spiritforged,SFD,Common,Standard,Standard,false,4,English,Near Mint,,,,
SFD-035,Guardian of the Passage,Spiritforged,SFD,Common,Standard,Standard,false,5,English,Near Mint,,,,
SFD-036,Lonely Poro,Spiritforged,SFD,Common,Standard,Standard,false,3,English,Near Mint,,,,
SFD-037,Navori Scout,Spiritforged,SFD,Common,Standard,Standard,false,3,English,Near Mint,,,,
SFD-038,Ribbon Dancer,Spiritforged,SFD,Common,Standard,Standard,false,4,English,Near Mint,,,,
SFD-039,Royal Entourage,Spiritforged,SFD,Common,Standard,Standard,false,4,English,Near Mint,,,,
SFD-040,Thwonk!,Spiritforged,SFD,Common,Standard,Standard,false,5,English,Near Mint,,,,
SFD-041,Apprentice Smith,Spiritforged,SFD,Uncommon,Standard,Standard,false,1,English,Near Mint,,,,
SFD-042,Brutalizer,Spiritforged,SFD,Uncommon,Standard,Standard,false,1,English,Near Mint,,,,
SFD-042,Brutalizer,Spiritforged,SFD,Uncommon,Standard,Standard,true,1,English,Near Mint,,,,
SFD-043,Emperor's Divide,Spiritforged,SFD,Uncommon,Standard,Standard,false,3,English,Near Mint,,,,
SFD-044,Legion Quartermaster,Spiritforged,SFD,Uncommon,Standard,Standard,false,2,English,Near Mint,,,,
SFD-045,Not So Fast,Spiritforged,SFD,Uncommon,Standard,Standard,false,1,English,Near Mint,,,,
SFD-046,Poro Snax,Spiritforged,SFD,Uncommon,Standard,Standard,false,2,English,Near Mint,,,,
SFD-047,Simian Ancestor,Spiritforged,SFD,Uncommon,Standard,Standard,false,3,English,Near Mint,,,,
SFD-048,Stellacorn Herder,Spiritforged,SFD,Uncommon,Standard,Standard,false,1,English,Near Mint,,,,
SFD-049,"Aphelios, Exalted",Spiritforged,SFD,Rare,Standard,Standard,true,1,English,Near Mint,,,,
SFD-050,"Azir, Ascendant",Spiritforged,SFD,Rare,Standard,Standard,true,1,English,Near Mint,,,,
SFD-050a,"Azir, Ascendant",Spiritforged,SFD,Showcase,Alt Art,Alt Art,true,1,English,Near Mint,,,,
SFD-051,Guardian Angel,Spiritforged,SFD,Rare,Standard,Standard,true,2,English,Near Mint,,,,
SFD-052,Heart of Dark Ice,Spiritforged,SFD,Rare,Standard,Standard,true,1,English,Near Mint,,,,
SFD-054,"Jax, Unmatched",Spiritforged,SFD,Rare,Standard,Standard,true,1,English,Near Mint,,,,
SFD-056,Sterak's Gage,Spiritforged,SFD,Rare,Standard,Standard,true,1,English,Near Mint,,,,
SFD-061,Aspiring Engineer,Spiritforged,SFD,Common,Standard,Standard,false,3,English,Near Mint,,,,
SFD-062,Bubble Bot,Spiritforged,SFD,Common,Standard,Standard,false,5,English,Near Mint,,,,
SFD-063,Chemtech Cask,Spiritforged,SFD,Common,Standard,Standard,false,4,English,Near Mint,,,,
SFD-064,Cloth Armor,Spiritforged,SFD,Common,Standard,Standard,false,6,English,Near Mint,,,,
SFD-065,Forecaster,Spiritforged,SFD,Common,Standard,Standard,false,4,English,Near Mint,,,,
SFD-066,Frigid Touch,Spiritforged,SFD,Common,Standard,Standard,false,4,English,Near Mint,,,,
SFD-067,Frostcoat Cub,Spiritforged,SFD,Common,Standard,Standard,false,3,English,Near Mint,,,,
SFD-068,Gearhead,Spiritforged,SFD,Common,Standard,Standard,false,3,English,Near Mint,,,,
SFD-069,Plundering Poro,Spiritforged,SFD,Common,Standard,Standard,false,4,English,Near Mint,,,,
SFD-070,Wages of Pain,Spiritforged,SFD,Common,Standard,Standard,false,3,English,Near Mint,,,,
SFD-071,Breakneck Mech,Spiritforged,SFD,Uncommon,Standard,Standard,false,3,English,Near Mint,,,,
SFD-072,Dropboarder,Spiritforged,SFD,Uncommon,Standard,Standard,false,1,English,Near Mint,,,,
SFD-073,Experimental Hexplate,Spiritforged,SFD,Uncommon,Standard,Standard,false,2,English,Near Mint,,,,
SFD-074,Pickpocket,Spiritforged,SFD,Uncommon,Standard,Standard,false,1,English,Near Mint,,,,
SFD-075,Prize of Progress,Spiritforged,SFD,Uncommon,Standard,Standard,false,2,English,Near Mint,,,,
SFD-076,Production Surge,Spiritforged,SFD,Uncommon,Standard,Standard,false,2,English,Near Mint,,,,
SFD-077,Rocket Barrage,Spiritforged,SFD,Uncommon,Standard,Standard,false,2,English,Near Mint,,,,
SFD-078,Temporal Portal,Spiritforged,SFD,Uncommon,Standard,Standard,false,1,English,Near Mint,,,,
SFD-079,"Bard, Mercurial",Spiritforged,SFD,Rare,Standard,Standard,true,1,English,Near Mint,,,,
SFD-080,Bellows Breath,Spiritforged,SFD,Rare,Standard,Standard,true,1,English,Near Mint,,,,
SFD-081,Card Sharp,Spiritforged,SFD,Rare,Standard,Standard,true,2,English,Near Mint,,,,
SFD-082,"Ezreal, Dashing",Spiritforged,SFD,Rare,Standard,Standard,true,1,English,Near Mint,,,,
SFD-084,"Jayce, Man of Progress",Spiritforged,SFD,Rare,Standard,Standard,true,1,English,Near Mint,,,,
SFD-086,World Atlas,Spiritforged,SFD,Rare,Standard,Standard,true,1,English,Near Mint,,,,
SFD-088,"Renata Glasc, Mastermind",Spiritforged,SFD,Epic,Standard,Standard,true,1,English,Near Mint,,,,
SFD-088a,"Renata Glasc, Mastermind",Spiritforged,SFD,Showcase,Alt Art,Alt Art,true,1,English,Near Mint,,,,
SFD-091,Buhru Captain,Spiritforged,SFD,Common,Standard,Standard,false,5,English,Near Mint,,,,
SFD-092,Combat Chef,Spiritforged,SFD,Common,Standard,Standard,false,3,English,Near Mint,,,,
SFD-093,Dauntless Vanguard,Spiritforged,SFD,Common,Standard,Standard,false,2,English,Near Mint,,,,
SFD-094,Direwing,Spiritforged,SFD,Common,Standard,Standard,false,3,English,Near Mint,,,,
SFD-095,Doran's Blade,Spiritforged,SFD,Common,Standard,Standard,false,2,English,Near Mint,,,,
SFD-096,Laurent Bladekeeper,Spiritforged,SFD,Common,Standard,Standard,false,5,English,Near Mint,,,,
SFD-097,Punch First,Spiritforged,SFD,Common,Standard,Standard,false,5,English,Near Mint,,,,
SFD-098,Sea Monkey,Spiritforged,SFD,Common,Standard,Standard,false,3,English,Near Mint,,,,
SFD-099,Veteran poro,Spiritforged,SFD,Common,Standard,Standard,false,3,English,Near Mint,,,,
SFD-100,Yordle Explorer,Spiritforged,SFD,Common,Standard,Standard,false,5,English,Near Mint,,,,
SFD-101,Fae Dragon,Spiritforged,SFD,Uncommon,Standard,Standard,false,2,English,Near Mint,,,,
SFD-102,Hexdrinker,Spiritforged,SFD,Uncommon,Standard,Standard,false,1,English,Near Mint,,,,
SFD-103,Jaull-Fish,Spiritforged,SFD,Uncommon,Standard,Standard,false,2,English,Near Mint,,,,
SFD-104,Petricite Monument,Spiritforged,SFD,Uncommon,Standard,Standard,false,1,English,Near Mint,,,,
SFD-105,Ruin Runner,Spiritforged,SFD,Uncommon,Standard,Standard,false,1,English,Near Mint,,,,
SFD-106,Show of Strength,Spiritforged,SFD,Uncommon,Standard,Standard,false,1,English,Near Mint,,,,
SFD-107,Strike Down,Spiritforged,SFD,Uncommon,Standard,Standard,false,3,English,Near Mint,,,,
SFD-108,Warmog's Armor,Spiritforged,SFD,Uncommon,Standard,Standard,false,1,English,Near Mint,,,,
SFD-109,"Akshan, Mischievous",Spiritforged,SFD,Rare,Standard,Standard,true,2,English,Near Mint,,,,
SFD-111,Here to Help,Spiritforged,SFD,Rare,Standard,Standard,true,1,English,Near Mint,,,,
SFD-112,Kato the Arm,Spiritforged,SFD,Rare,Standard,Standard,true,1,English,Near Mint,,,,
SFD-115,Trinity Force,Spiritforged,SFD,Rare,Standard,Standard,true,2,English,Near Mint,,,,
SFD-116,"Yone, Blademaster",Spiritforged,SFD,Rare,Standard,Standard,true,1,English,Near Mint,,,,
SFD-118,Boneshiver,Spiritforged,SFD,Epic,Standard,Standard,true,1,English,Near Mint,,,,
SFD-121,Black Market Broker,Spiritforged,SFD,Common,Standard,Standard,false,4,English,Near Mint,,,,
SFD-122,Called Shot,Spiritforged,SFD,Common,Standard,Standard,false,3,English,Near Mint,,,,
SFD-123,Corrupt Enforcer,Spiritforged,SFD,Common,Standard,Standard,false,5,English,Near Mint,,,,
SFD-124,Doran's Ring,Spiritforged,SFD,Common,Standard,Standard,false,4,English,Near Mint,,,,
SFD-125,Fae Porter,Spiritforged,SFD,Common,Standard,Standard,false,3,English,Near Mint,,,,
SFD-126,Loyal Pup,Spiritforged,SFD,Common,Standard,Standard,false,7,English,Near Mint,,,,
SFD-127,Master Bingwen,Spiritforged,SFD,Common,Standard,Standard,false,4,English,Near Mint,,,,
SFD-128,Overzealous Fan,Spiritforged,SFD,Common,Standard,Standard,false,4,English,Near Mint,,,,
SFD-129,Temptation,Spiritforged,SFD,Common,Standard,Standard,false,1,English,,,,,
SFD-129,Temptation,Spiritforged,SFD,Common,Standard,Standard,false,1,English,Near Mint,,,,
SFD-130,Treasure Hunter,Spiritforged,SFD,Common,Standard,Standard,false,3,English,Near Mint,,,,
SFD-131,Ancient Warmonger,Spiritforged,SFD,Uncommon,Standard,Standard,false,3,English,Near Mint,,,,
SFD-132,Beast Below,Spiritforged,SFD,Uncommon,Standard,Standard,false,1,English,Near Mint,,,,
SFD-133,Boots of Swiftness,Spiritforged,SFD,Uncommon,Standard,Standard,false,1,English,Near Mint,,,,
SFD-134,Cull,Spiritforged,SFD,Uncommon,Standard,Standard,false,1,English,Near Mint,,,,
SFD-135,Factory Recall,Spiritforged,SFD,Uncommon,Standard,Standard,false,2,English,Near Mint,,,,
SFD-136,Hard Bargain,Spiritforged,SFD,Uncommon,Standard,Standard,false,2,English,Near Mint,,,,
SFD-137,Harpoon Squad,Spiritforged,SFD,Uncommon,Standard,Standard,false,2,English,Near Mint,,,,
SFD-138,Windsinger,Spiritforged,SFD,Uncommon,Standard,Standard,false,1,English,Near Mint,,,,
SFD-141,"Irelia, Graceful",Spiritforged,SFD,Rare,Standard,Standard,true,1,English,Near Mint,,,,
SFD-142,Jae Medarda,Spiritforged,SFD,Rare,Standard,Standard,true,1,English,Near Mint,,,,
SFD-143,"Sivir, Mercenary",Spiritforged,SFD,Rare,Standard,Standard,true,1,English,Near Mint,,,,
SFD-144,Spirit Wheel,Spiritforged,SFD,Rare,Standard,Standard,true,1,English,Near Mint,,,,
SFD-145,Switcheroo,Spiritforged,SFD,Rare,Standard,Standard,true,1,English,Near Mint,,,,
SFD-146,"Vex, Cheerless",Spiritforged,SFD,Rare,Standard,Standard,true,1,English,,,,,
SFD-146,"Vex, Cheerless",Spiritforged,SFD,Rare,Standard,Standard,true,2,English,Near Mint,,,,
SFD-151,Bonds of Strength,Spiritforged,SFD,Common,Standard,Standard,false,4,English,Near Mint,,,,
SFD-152,Eminent Benefactor,Spiritforged,SFD,Common,Standard,Standard,false,3,English,Near Mint,,,,
SFD-153,Eye of the Herald,Spiritforged,SFD,Common,Standard,Standard,true,1,English,Near Mint,,,,
SFD-153,Eye of the Herald,Spiritforged,SFD,Common,Standard,Standard,false,4,English,Near Mint,,,,
SFD-154,Guards!,Spiritforged,SFD,Common,Standard,Standard,false,4,English,Near Mint,,,,
SFD-154,Guards!,Spiritforged,SFD,Common,Standard,Standard,true,1,English,Near Mint,,,,
SFD-155,Honest Broker,Spiritforged,SFD,Common,Standard,Standard,false,4,English,Near Mint,,,,
SFD-156,Laurent Duelist,Spiritforged,SFD,Common,Standard,Standard,false,2,English,Near Mint,,,,
SFD-157,Royal Guard,Spiritforged,SFD,Common,Standard,Standard,false,4,English,Near Mint,,,,
SFD-158,Sandshifter,Spiritforged,SFD,Common,Standard,Standard,false,5,English,Near Mint,,,,
SFD-159,Trusty Ramhound,Spiritforged,SFD,Common,Standard,Standard,false,3,English,Near Mint,,,,
SFD-160,Zaun Punk,Spiritforged,SFD,Common,Standard,Standard,false,1,English,,,,,
SFD-160,Zaun Punk,Spiritforged,SFD,Common,Standard,Standard,false,2,English,Near Mint,,,,
SFD-161,B.F. Sword,Spiritforged,SFD,Uncommon,Standard,Standard,false,2,English,Near Mint,,,,
SFD-162,Blood Money,Spiritforged,SFD,Uncommon,Standard,Standard,false,2,English,Near Mint,,,,
SFD-163,Deathgrip,Spiritforged,SFD,Uncommon,Standard,Standard,false,2,English,Near Mint,,,,
SFD-164,Drag Under,Spiritforged,SFD,Uncommon,Standard,Standard,false,1,English,Near Mint,,,,
SFD-165,Glasc Mixologist,Spiritforged,SFD,Uncommon,Standard,Standard,false,3,English,Near Mint,,,,
SFD-166,Rally the Troops,Spiritforged,SFD,Uncommon,Standard,Standard,false,1,English,Near Mint,,,,
SFD-168,Vanguard Armory,Spiritforged,SFD,Uncommon,Standard,Standard,false,2,English,Near Mint,,,,
SFD-169,Altar of Memories,Spiritforged,SFD,Rare,Standard,Standard,true,1,English,Near Mint,,,,
SFD-170,"Rek'Sai, Swarm Queen",Spiritforged,SFD,Rare,Standard,Standard,true,2,English,Near Mint,,,,
SFD-171,"Renata Glasc, Industrialist",Spiritforged,SFD,Rare,Standard,Standard,true,1,English,Near Mint,,,,
SFD-172,Sacred Shears,Spiritforged,SFD,Rare,Standard,Standard,true,1,English,Near Mint,,,,
SFD-174,Trove Golem,Spiritforged,SFD,Rare,Standard,Standard,true,1,English,Near Mint,,,,
SFD-175,Undertitan,Spiritforged,SFD,Rare,Standard,Standard,true,1,English,Near Mint,,,,
SFD-176,"Xin Zhao, Vigilant",Spiritforged,SFD,Rare,Standard,Standard,true,1,English,Near Mint,,,,
SFD-177a,"Azir, Sovereign",Spiritforged,SFD,Showcase,Alt Art,Alt Art,true,1,English,Near Mint,,,,
SFD-180,"Fiora, Worthy",Spiritforged,SFD,Epic,Standard,Standard,true,1,English,Near Mint,,,,
SFD-181,"Rumble, Mechanized Menace",Spiritforged,SFD,Rare,Standard,Standard,true,1,English,Near Mint,,,,
SFD-182,Danger Zone,Spiritforged,SFD,Epic,Standard,Standard,true,1,English,Near Mint,,,,
SFD-183,"Lucian, Purifier",Spiritforged,SFD,Rare,Standard,Standard,true,1,English,Near Mint,,,,
SFD-185,"Draven, Glorious Executioner",Spiritforged,SFD,Rare,Standard,Standard,true,1,English,Near Mint,,,,
SFD-187,"Rek'Sai, Void Burrower",Spiritforged,SFD,Rare,Standard,Standard,true,2,English,Near Mint,,,,
SFD-193,"Jax, Grandmaster at Arms",Spiritforged,SFD,Rare,Standard,Standard,true,1,English,Near Mint,,,,
SFD-195,"Irelia, Blade Dancer",Spiritforged,SFD,Rare,Standard,Standard,true,2,English,Near Mint,,,,
SFD-197,"Azir, Emperor of the Sands",Spiritforged,SFD,Rare,Standard,Standard,true,1,English,Near Mint,,,,
SFD-199,"Ezreal, Prodigal Explorer",Spiritforged,SFD,Rare,Standard,Standard,true,1,English,Near Mint,,,,
SFD-200,Arcane Shift,Spiritforged,SFD,Epic,Standard,Standard,true,1,English,Near Mint,,,,
SFD-201,"Renata Glasc, Chem-Baroness",Spiritforged,SFD,Rare,Standard,Standard,true,1,English,Near Mint,,,,
SFD-202,Hostile Takeover,Spiritforged,SFD,Epic,Standard,Standard,true,1,English,Near Mint,,,,
SFD-203,"Sivir, Battle Mistress",Spiritforged,SFD,Rare,Standard,Standard,true,1,English,Near Mint,,,,
SFD-204,On the Hunt,Spiritforged,SFD,Epic,Standard,Standard,true,1,English,Near Mint,,,,
SFD-205,"Fiora, Grand Duelist",Spiritforged,SFD,Rare,Standard,Standard,true,2,English,Near Mint,,,,
SFD-207,Emperor's Dais,Spiritforged,SFD,Uncommon,Standard,Standard,false,1,English,Near Mint,,,,
SFD-208,Forge of the Fluft,Spiritforged,SFD,Uncommon,Standard,Standard,false,1,English,Near Mint,,,,
SFD-209,Forgotten Monument,Spiritforged,SFD,Uncommon,Standard,Standard,false,3,English,Near Mint,,,,
SFD-210,Hall of Legends,Spiritforged,SFD,Uncommon,Standard,Standard,false,1,English,Near Mint,,,,
SFD-211,Marai Spire,Spiritforged,SFD,Uncommon,Standard,Standard,false,2,English,Near Mint,,,,
SFD-212,Minefield,Spiritforged,SFD,Uncommon,Standard,Standard,false,2,English,Near Mint,,,,
SFD-213,Ornn's Forge,Spiritforged,SFD,Uncommon,Standard,Standard,false,1,English,Near Mint,,,,
SFD-213,Ornn's Forge,Spiritforged,SFD,Uncommon,Standard,Standard,true,1,English,Near Mint,,,,
SFD-214,Power Nexus,Spiritforged,SFD,Uncommon,Standard,Standard,false,1,English,Near Mint,,,,
SFD-215,Ravenbloom Conservatory,Spiritforged,SFD,Uncommon,Standard,Standard,false,1,English,Near Mint,,,,
SFD-216,Rockfall Path,Spiritforged,SFD,Uncommon,Standard,Standard,false,3,English,Near Mint,,,,
SFD-217,Seat of Power,Spiritforged,SFD,Uncommon,Standard,Standard,false,1,English,Near Mint,,,,
SFD-218,Sunken Temple,Spiritforged,SFD,Uncommon,Standard,Standard,false,2,English,Near Mint,,,,
SFD-219,The Papertree,Spiritforged,SFD,Uncommon,Standard,Standard,false,2,English,Near Mint,,,,
SFD-220,Treasure Hoard,Spiritforged,SFD,Uncommon,Standard,Standard,false,2,English,Near Mint,,,,
SFD-221,Veiled Temple,Spiritforged,SFD,Uncommon,Standard,Standard,false,1,English,Near Mint,,,,
SFD-239*,"Soraka, Wanderer",Spiritforged,SFD,Showcase,Overnumbered,Overnumbered Signed,true,1,English,Near Mint,,,,
SFD-R01a,Fury Rune,Spiritforged,SFD,Showcase,Alt Art,SFD Foil,true,1,English,Near Mint,,,,
SFD-R03a,Mind Rune,Spiritforged,SFD,Showcase,Alt Art,SFD Foil,true,1,English,Near Mint,,,,
SFD-T03,Gold,Spiritforged,SFD,Common,Standard,SFD Standard,false,1,English,Near Mint,,,,
UNL-001,Arena Kingpin,Unleashed,UNL,Common,Standard,Standard,false,6,English,,,,,
UNL-001,Arena Kingpin,Unleashed,UNL,Common,Standard,Standard,false,1,English,Near Mint,,,,
UNL-002,Inferna,Unleashed,UNL,Common,Standard,Standard,false,8,English,,,,,
UNL-002,Inferna,Unleashed,UNL,Common,Standard,Standard,false,2,English,Near Mint,,,,
UNL-003,Mischievous Marai,Unleashed,UNL,Common,Standard,Standard,false,1,English,Near Mint,,,,
UNL-003,Mischievous Marai,Unleashed,UNL,Common,Standard,Standard,false,4,English,,,,,
UNL-004,Prepared Neophyte,Unleashed,UNL,Common,Standard,Standard,false,1,English,Near Mint,,,,
UNL-004,Prepared Neophyte,Unleashed,UNL,Common,Standard,Standard,false,5,English,,,,,
UNL-004,Prepared Neophyte,Unleashed,UNL,Common,Standard,Standard,true,1,English,,,,,
UNL-005,Revna the Lorekeeper,Unleashed,UNL,Common,Standard,Standard,false,3,English,,,,,
UNL-005,Revna the Lorekeeper,Unleashed,UNL,Common,Standard,Standard,false,1,English,Near Mint,,,,
UNL-006,Sharkling,Unleashed,UNL,Common,Standard,Standard,false,7,English,,,,,
UNL-006,Sharkling,Unleashed,UNL,Common,Standard,Standard,false,1,English,Near Mint,,,,
UNL-007,Smite,Unleashed,UNL,Common,Standard,Standard,false,4,English,,,,,
UNL-007,Smite,Unleashed,UNL,Common,Standard,Standard,false,1,English,Near Mint,,,,
UNL-008,Towering Pairofant,Unleashed,UNL,Common,Standard,Standard,false,1,English,Near Mint,,,,
UNL-008,Towering Pairofant,Unleashed,UNL,Common,Standard,Standard,false,7,English,,,,,
UNL-009,Upstage Comedy,Unleashed,UNL,Common,Standard,Standard,false,6,English,,,,,
UNL-010,Vault Breaker,Unleashed,UNL,Common,Standard,Standard,false,1,English,Near Mint,,,,
UNL-010,Vault Breaker,Unleashed,UNL,Common,Standard,Standard,false,8,English,,,,,
UNL-011,Fresh Beans,Unleashed,UNL,Uncommon,Standard,Standard,false,1,English,,,,,
UNL-012,Lord Broadmane,Unleashed,UNL,Uncommon,Standard,Standard,false,4,English,,,,,
UNL-014,Monster Harpoon,Unleashed,UNL,Uncommon,Standard,Standard,false,1,English,Near Mint,,,,
UNL-014,Monster Harpoon,Unleashed,UNL,Uncommon,Standard,Standard,false,2,English,,,,,
UNL-015,Right of Conquest,Unleashed,UNL,Uncommon,Standard,Standard,false,2,English,,,,,
UNL-016,Scorchclaw,Unleashed,UNL,Uncommon,Standard,Standard,false,2,English,,,,,
UNL-017,Square Up,Unleashed,UNL,Uncommon,Standard,Standard,false,4,English,,,,,
UNL-018,Yeti Brawler,Unleashed,UNL,Uncommon,Standard,Standard,false,4,English,,,,,
UNL-019,Blighted Battleaxe,Unleashed,UNL,Rare,Standard,Standard,true,1,English,Near Mint,,,,
UNL-020,Dancing Grenade,Unleashed,UNL,Rare,Standard,Standard,true,1,English,,,,,
UNL-021,Grim Apothecary,Unleashed,UNL,Rare,Standard,Standard,true,1,English,,,,,
UNL-022,"Jhin, Murderous Artist",Unleashed,UNL,Rare,Standard,Standard,true,1,English,,,,,
UNL-023,"Katarina, Reckless",Unleashed,UNL,Rare,Standard,Standard,true,1,English,,,,,
UNL-024,"Rengar, Unseen",Unleashed,UNL,Rare,Standard,Standard,true,1,English,,,,,
UNL-025,Undying Legion,Unleashed,UNL,Rare,Standard,Standard,true,2,English,,,,,
UNL-026,"Xerath, Freed",Unleashed,UNL,Rare,Standard,Standard,true,2,English,,,,,
UNL-026,"Xerath, Freed",Unleashed,UNL,Rare,Standard,Standard,true,1,English,Near Mint,,,,
UNL-030,"Vi, Hotheaded",Unleashed,UNL,Epic,Standard,Standard,true,3,English,,,,,
UNL-031,Combat Experience,Unleashed,UNL,Common,Standard,Standard,false,1,English,Near Mint,,,,
UNL-031,Combat Experience,Unleashed,UNL,Common,Standard,Standard,false,6,English,,,,,
UNL-032,Double Trouble,Unleashed,UNL,Common,Standard,Standard,false,1,English,Near Mint,,,,
UNL-032,Double Trouble,Unleashed,UNL,Common,Standard,Standard,false,5,English,,,,,
UNL-033,Frisky Hunter,Unleashed,UNL,Common,Standard,Standard,false,2,English,Near Mint,,,,
UNL-033,Frisky Hunter,Unleashed,UNL,Common,Standard,Standard,false,2,English,,,,,
UNL-034,Herald of Spring,Unleashed,UNL,Common,Standard,Standard,false,7,English,,,,,
UNL-034,Herald of Spring,Unleashed,UNL,Common,Standard,Standard,true,1,English,Near Mint,,,,
UNL-034,Herald of Spring,Unleashed,UNL,Common,Standard,Standard,false,1,English,Near Mint,,,,
UNL-035,Monch,Unleashed,UNL,Common,Standard,Standard,false,6,English,,,,,
UNL-036,Mutated Mouser,Unleashed,UNL,Common,Standard,Standard,false,5,English,,,,,
UNL-037,Shadow Watcher,Unleashed,UNL,Common,Standard,Standard,false,6,English,,,,,
UNL-037,Shadow Watcher,Unleashed,UNL,Common,Standard,Standard,false,3,English,Near Mint,,,,
UNL-037,Shadow Watcher,Unleashed,UNL,Common,Standard,Standard,true,1,English,,,,,
UNL-038,Skyward Strike,Unleashed,UNL,Common,Standard,Standard,false,8,English,,,,,
UNL-038,Skyward Strike,Unleashed,UNL,Common,Standard,Standard,false,2,English,Near Mint,,,,
UNL-039,Soul Sword,Unleashed,UNL,Common,Standard,Standard,false,2,English,Near Mint,,,,
UNL-039,Soul Sword,Unleashed,UNL,Common,Standard,Standard,false,7,English,,,,,
UNL-040,Wuju Apprentice,Unleashed,UNL,Common,Standard,Standard,false,5,English,,,,,
UNL-041,"Allay, Eager Admirer",Unleashed,UNL,Uncommon,Standard,Standard,false,3,English,,,,,
UNL-042,Back Off,Unleashed,UNL,Uncommon,Standard,Standard,false,7,English,,,,,
UNL-042,Back Off,Unleashed,UNL,Uncommon,Standard,Standard,false,1,English,Near Mint,,,,
UNL-043,Enthusiastic Promoter,Unleashed,UNL,Uncommon,Standard,Standard,false,2,English,,,,,
UNL-045,Forgotten Signpost,Unleashed,UNL,Uncommon,Standard,Standard,true,1,English,,,,,
UNL-046,Friendship,Unleashed,UNL,Uncommon,Standard,Standard,false,2,English,,,,,
UNL-047,Mosstomper,Unleashed,UNL,Uncommon,Standard,Standard,false,3,English,,,,,
UNL-048,Trevor Snoozebottom,Unleashed,UNL,Uncommon,Standard,Standard,true,2,English,,,,,
UNL-048,Trevor Snoozebottom,Unleashed,UNL,Uncommon,Standard,Standard,false,2,English,Near Mint,,,,
UNL-048,Trevor Snoozebottom,Unleashed,UNL,Uncommon,Standard,Standard,false,4,English,,,,,
UNL-050,Iascylla,Unleashed,UNL,Rare,Standard,Standard,true,2,English,,,,,
UNL-051,"Ivern, Nurturer",Unleashed,UNL,Rare,Standard,Standard,true,1,English,,,,,
UNL-052,"Nami, Headstrong",Unleashed,UNL,Rare,Standard,Standard,true,2,English,,,,,
UNL-053,Scuttle Crab,Unleashed,UNL,Rare,Standard,Standard,true,3,English,,,,,
UNL-053,Scuttle Crab,Unleashed,UNL,Rare,Standard,Standard,true,1,English,Near Mint,,,,
UNL-055,"Vex, Mocking",Unleashed,UNL,Rare,Standard,Standard,true,3,English,,,,,
UNL-056,"Yuumi, Magical Cat",Unleashed,UNL,Rare,Standard,Standard,true,2,English,,,,,
UNL-059a,"Master Yi, Unstoppable",Unleashed,UNL,Showcase,Alt Art,Alt Art,true,1,English,,,,,
UNL-061,Downstage Dramatics,Unleashed,UNL,Common,Standard,Standard,false,2,English,Near Mint,,,,
UNL-061,Downstage Dramatics,Unleashed,UNL,Common,Standard,Standard,false,3,English,,,,,
UNL-062,Dramatic Visionary,Unleashed,UNL,Common,Standard,Standard,false,2,English,,,,,
UNL-062,Dramatic Visionary,Unleashed,UNL,Common,Standard,Standard,false,1,English,Near Mint,,,,
UNL-063,Eclipse,Unleashed,UNL,Common,Standard,Standard,false,2,English,Near Mint,,,,
UNL-063,Eclipse,Unleashed,UNL,Common,Standard,Standard,false,5,English,,,,,
UNL-064,Fate Weaver,Unleashed,UNL,Common,Standard,,false,1,English,Near Mint,,,,
UNL-064,Fate Weaver,Unleashed,UNL,Common,Standard,,false,2,English,,,,,
UNL-065,Icevale Archer,Unleashed,UNL,Common,Standard,Standard,false,7,English,,,,,
UNL-066,Moonlight Affliction,Unleashed,UNL,Common,Standard,Standard,false,6,English,,,,,
UNL-066,Moonlight Affliction,Unleashed,UNL,Common,Standard,Standard,false,1,English,Near Mint,,,,
UNL-067,Ruined Rex,Unleashed,UNL,Common,Standard,Standard,false,1,English,Near Mint,,,,
UNL-067,Ruined Rex,Unleashed,UNL,Common,Standard,Standard,false,6,English,,,,,
UNL-068,Spectral Centaur,Unleashed,UNL,Common,Standard,Standard,false,2,English,,,,,
UNL-068,Spectral Centaur,Unleashed,UNL,Common,Standard,Standard,false,1,English,Near Mint,,,,
UNL-069,Sprite Burst,Unleashed,UNL,Common,Standard,Standard,false,4,English,,,,,
UNL-069,Sprite Burst,Unleashed,UNL,Common,Standard,Standard,false,2,English,Near Mint,,,,
UNL-070,Turn to Dust,Unleashed,UNL,Common,Standard,Standard,false,4,English,,,,,
UNL-071,Chakram Dancer,Unleashed,UNL,Uncommon,Standard,Standard,false,2,English,,,,,
UNL-072,Crescent Strike,Unleashed,UNL,Uncommon,Standard,Standard,false,1,English,Near Mint,,,,
UNL-072,Crescent Strike,Unleashed,UNL,Uncommon,Standard,Standard,false,3,English,,,,,
UNL-074,Frigid Jewel,Unleashed,UNL,Uncommon,Standard,Standard,false,1,English,Near Mint,,,,
UNL-074,Frigid Jewel,Unleashed,UNL,Uncommon,Standard,Standard,false,2,English,,,,,
UNL-075,Gustwalker,Unleashed,UNL,Uncommon,Standard,Standard,false,1,English,Near Mint,,,,
UNL-076,Petal Pixie,Unleashed,UNL,Uncommon,Standard,Standard,false,2,English,,,,,
UNL-077,Soul Shepherd,Unleashed,UNL,Uncommon,Standard,Standard,false,1,English,,,,,
UNL-077,Soul Shepherd,Unleashed,UNL,Uncommon,Standard,Standard,false,1,English,Near Mint,,,,
UNL-078,Sprite Fountain,Unleashed,UNL,Uncommon,Standard,Standard,true,1,English,,,,,
UNL-078,Sprite Fountain,Unleashed,UNL,Uncommon,Standard,Standard,false,1,English,,,,,
UNL-079,"Diana, Lunari",Unleashed,UNL,Rare,Standard,Standard,true,1,English,,,,,
UNL-080,"Hwei, Brooding Painter",Unleashed,UNL,Rare,Standard,Standard,true,1,English,,,,,
UNL-081,Keeper of Masks,Unleashed,UNL,Rare,Standard,Standard,true,1,English,,,,,
UNL-082,"Lillia, Fae Fawn",Unleashed,UNL,Rare,Standard,Standard,true,1,English,,,,,
UNL-083,Smoke and Mirrors,Unleashed,UNL,Rare,Standard,Standard,true,1,English,Near Mint,,,,
UNL-083,Smoke and Mirrors,Unleashed,UNL,Rare,Standard,Standard,true,1,English,,,,,
UNL-084,Sprite Queen,Unleashed,UNL,Rare,Standard,Standard,true,1,English,,,,,
UNL-085,Sumpworks Map,Unleashed,UNL,Rare,Standard,Standard,true,1,English,,,,,
UNL-086,"Zilean, Time Mage",Unleashed,UNL,Rare,Standard,Standard,true,1,English,,,,,
UNL-087,Blue Sentinel,Unleashed,UNL,Epic,Standard,Standard,true,1,English,,,,,
UNL-089,"Jhin, Meticulous Killer",Unleashed,UNL,Epic,Standard,Standard,true,1,English,Near Mint,,,,
UNL-089a,"Jhin, Meticulous Killer",Unleashed,UNL,Showcase,Alt Art,Alt Art,true,1,English,,,,,
UNL-091,Concentrate,Unleashed,UNL,Common,Standard,Standard,false,4,English,,,,,
UNL-091,Concentrate,Unleashed,UNL,Common,Standard,Standard,false,2,English,Near Mint,,,,
UNL-092,Demacian Diplomat,Unleashed,UNL,Common,Standard,Standard,false,3,English,,,,,
UNL-092,Demacian Diplomat,Unleashed,UNL,Common,Standard,Standard,false,1,English,Near Mint,,,,
UNL-093,Dragonsoul Sage,Unleashed,UNL,Common,Standard,Standard,false,2,English,Near Mint,,,,
UNL-093,Dragonsoul Sage,Unleashed,UNL,Common,Standard,Standard,false,3,English,,,,,
UNL-094,Gemhand Hunter,Unleashed,UNL,Common,Standard,Standard,false,1,English,Near Mint,,,,
UNL-094,Gemhand Hunter,Unleashed,UNL,Common,Standard,Standard,false,6,English,,,,,
UNL-095,Grim Resolve,Unleashed,UNL,Common,Standard,Standard,false,1,English,Near Mint,,,,
UNL-095,Grim Resolve,Unleashed,UNL,Common,Standard,Standard,false,3,English,,,,,
UNL-096,Hunter's Machete,Unleashed,UNL,Common,Standard,Standard,false,1,English,Near Mint,,,,
UNL-096,Hunter's Machete,Unleashed,UNL,Common,Standard,Standard,false,5,English,,,,,
UNL-097,Kinkou Initiate,Unleashed,UNL,Common,Standard,Standard,false,5,English,,,,,
UNL-098,Targonian Visionary,Unleashed,UNL,Common,Standard,Standard,false,4,English,,,,,
UNL-099,Towering Combatant,Unleashed,UNL,Common,Standard,Standard,false,1,English,Near Mint,,,,
UNL-099,Towering Combatant,Unleashed,UNL,Common,Standard,Standard,false,5,English,,,,,
UNL-100,Voracious Gromp,Unleashed,UNL,Common,Standard,Standard,false,4,English,,,,,
UNL-100,Voracious Gromp,Unleashed,UNL,Common,Standard,Standard,false,1,English,Near Mint,,,,
UNL-101,Call to Battle,Unleashed,UNL,Uncommon,Standard,Standard,false,1,English,Near Mint,,,,
UNL-101,Call to Battle,Unleashed,UNL,Uncommon,Standard,Standard,false,2,English,,,,,
UNL-102,Crowd Favorite,Unleashed,UNL,Uncommon,Standard,Standard,false,5,English,,,,,
UNL-103,Disposal Order,Unleashed,UNL,Uncommon,Standard,Standard,false,3,English,,,,,
UNL-104,Gentle Gemdragon,Unleashed,UNL,Uncommon,Standard,Standard,false,2,English,,,,,
UNL-104,Gentle Gemdragon,Unleashed,UNL,Uncommon,Standard,Standard,false,1,English,Near Mint,,,,
UNL-105,Imposing Challenger,Unleashed,UNL,Uncommon,Standard,Standard,false,1,English,,,,,
UNL-106,Repulse,Unleashed,UNL,Uncommon,Standard,Standard,false,1,English,Near Mint,,,,
UNL-106,Repulse,Unleashed,UNL,Uncommon,Standard,Standard,false,2,English,,,,,
UNL-107,Stare Down,Unleashed,UNL,Uncommon,Standard,Standard,false,1,English,,,,,
UNL-108,Wily Newtfish,Unleashed,UNL,Uncommon,Standard,Standard,false,1,English,Near Mint,,,,
UNL-108,Wily Newtfish,Unleashed,UNL,Uncommon,Standard,Standard,false,1,English,,,,,
UNL-109,Blood Rose,Unleashed,UNL,Rare,Standard,Standard,true,1,English,Near Mint,,,,
UNL-109,Blood Rose,Unleashed,UNL,Rare,Standard,Standard,true,1,English,,,,,
UNL-110,Clash of Giants,Unleashed,UNL,Rare,Standard,Standard,true,1,English,,,,,
UNL-111,Determined Sentry,Unleashed,UNL,Rare,Standard,Standard,true,1,English,,,,,
UNL-112,Irresistible Faefolk,Unleashed,UNL,Rare,Standard,Standard,true,1,English,,,,,
UNL-113,"Master Yi, Tempered",Unleashed,UNL,Rare,Standard,Standard,true,1,English,,,,,
UNL-113,"Master Yi, Tempered",Unleashed,UNL,Rare,Standard,Standard,true,2,English,Near Mint,,,,
UNL-115,"Nilah, Joyful Ascetic",Unleashed,UNL,Rare,Standard,Standard,true,1,English,,,,,
UNL-116,"Poppy, Paragon",Unleashed,UNL,Rare,Standard,Standard,true,1,English,Near Mint,,,,
UNL-116,"Poppy, Paragon",Unleashed,UNL,Rare,Standard,Standard,true,1,English,,,,,
UNL-118a,Elder Dragon,Unleashed,UNL,Showcase,Alt Art,Alt Art,true,1,English,Near Mint,,,,
UNL-119,"Kha'Zix, Evolving Hunter",Unleashed,UNL,Epic,Standard,Standard,true,1,English,Near Mint,,,,
UNL-121,Bewitching Spirit,Unleashed,UNL,Common,Standard,Standard,false,2,English,Near Mint,,,,
UNL-121,Bewitching Spirit,Unleashed,UNL,Common,Standard,Standard,false,4,English,,,,,
UNL-122,Crescent Guardian,Unleashed,UNL,Common,Standard,Standard,false,2,English,Near Mint,,,,
UNL-122,Crescent Guardian,Unleashed,UNL,Common,Standard,Standard,false,4,English,,,,,
UNL-123,Evershade Stalker,Unleashed,UNL,Common,Standard,Standard,false,4,English,,,,,
UNL-124,Isolate,Unleashed,UNL,Common,Standard,Standard,false,1,English,Near Mint,,,,
UNL-124,Isolate,Unleashed,UNL,Common,Standard,Standard,false,5,English,,,,,
UNL-125,Lunar Boon,Unleashed,UNL,Common,Standard,Standard,false,4,English,,,,,
UNL-125,Lunar Boon,Unleashed,UNL,Common,Standard,Standard,false,3,English,Near Mint,,,,
UNL-126,Megatusk,Unleashed,UNL,Common,Standard,Standard,false,8,English,,,,,
UNL-127,Mister Root,Unleashed,UNL,Common,Standard,Standard,false,2,English,Near Mint,,,,
UNL-127,Mister Root,Unleashed,UNL,Common,Standard,Standard,false,7,English,,,,,
UNL-128,Star-Crossed,Unleashed,UNL,Common,Standard,Standard,false,4,English,,,,,
UNL-128,Star-Crossed,Unleashed,UNL,Common,Standard,Standard,false,2,English,Near Mint,,,,
UNL-129,Vicious Snapjaws,Unleashed,UNL,Common,Standard,Standard,false,1,English,Near Mint,,,,
UNL-129,Vicious Snapjaws,Unleashed,UNL,Common,Standard,Standard,false,5,English,,,,,
UNL-130,Walking Roost,Unleashed,UNL,Common,Standard,Standard,false,1,English,Near Mint,,,,
UNL-130,Walking Roost,Unleashed,UNL,Common,Standard,Standard,false,3,English,,,,,
UNL-131,Abandon,Unleashed,UNL,Uncommon,Standard,Standard,false,1,English,Near Mint,,,,
UNL-131,Abandon,Unleashed,UNL,Uncommon,Standard,Standard,false,1,English,,,,,
UNL-132,Angler Beast,Unleashed,UNL,Uncommon,Standard,Standard,false,3,English,,,,,
UNL-133,Blast Cone,Unleashed,UNL,Uncommon,Standard,Standard,false,4,English,,,,,
UNL-134,Existential Dread,Unleashed,UNL,Uncommon,Standard,Standard,false,3,English,,,,,
UNL-134,Existential Dread,Unleashed,UNL,Uncommon,Standard,Standard,false,1,English,Near Mint,,,,
UNL-136,Scryer's Bloom,Unleashed,UNL,Uncommon,Standard,Standard,false,4,English,,,,,
UNL-137,Sinister Poro,Unleashed,UNL,Uncommon,Standard,Standard,false,1,English,,,,,
UNL-138,The List,Unleashed,UNL,Uncommon,Standard,,false,1,English,,,,,
UNL-139,Bone Skewer,Unleashed,UNL,Rare,Standard,Standard,true,1,English,,,,,
UNL-140,Conscription,Unleashed,UNL,Rare,Standard,Standard,true,2,English,,,,,
UNL-140,Conscription,Unleashed,UNL,Rare,Standard,Standard,true,1,English,Near Mint,,,,
UNL-141,"Evelynn, Entrancing",Unleashed,UNL,Rare,Standard,Standard,true,2,English,,,,,
UNL-142,Heedless Resurrection,Unleashed,UNL,Rare,Standard,Standard,true,1,English,,,,,
UNL-143,"Kha'Zix, Mutating Horror",Unleashed,UNL,Rare,Standard,Standard,true,2,English,,,,,
UNL-144,Maduli the Gatekeeper,Unleashed,UNL,Rare,Standard,Standard,true,2,English,,,,,
UNL-145,"Pyke, Returned",Unleashed,UNL,Rare,Standard,Standard,true,1,English,,,,,
UNL-146,"Syndra, Transcendent",Unleashed,UNL,Rare,Standard,Standard,true,1,English,,,,,
UNL-148,Cursed Sarcophagus,Unleashed,UNL,Epic,Standard,Standard,true,1,English,,,,,
UNL-150,"Vex, Apathetic",Unleashed,UNL,Epic,Standard,Standard,true,1,English,,,,,
UNL-151,Bandle Soldier,Unleashed,UNL,Common,Standard,Standard,false,2,English,Near Mint,,,,
UNL-151,Bandle Soldier,Unleashed,UNL,Common,Standard,Standard,false,5,English,,,,,
UNL-152,Black Rose Dignitary,Unleashed,UNL,Common,Standard,Standard,false,1,English,Near Mint,,,,
UNL-152,Black Rose Dignitary,Unleashed,UNL,Common,Standard,Standard,false,2,English,,,,,
UNL-153,Carrion Dredger,Unleashed,UNL,Common,Standard,Standard,false,1,English,Near Mint,,,,
UNL-153,Carrion Dredger,Unleashed,UNL,Common,Standard,Standard,false,6,English,,,,,
UNL-154,Crimson Pigeons,Unleashed,UNL,Common,Standard,Standard,false,8,English,,,,,
UNL-154,Crimson Pigeons,Unleashed,UNL,Common,Standard,Standard,false,1,English,Near Mint,,,,
UNL-154,Crimson Pigeons,Unleashed,UNL,Common,Standard,Standard,true,1,English,,,,,
UNL-155,Heroic Charge,Unleashed,UNL,Common,Standard,Standard,false,6,English,,,,,
UNL-155,Heroic Charge,Unleashed,UNL,Common,Standard,Standard,false,2,English,Near Mint,,,,
UNL-156,Loyal Poro,Unleashed,UNL,Common,Standard,Standard,false,6,English,,,,,
UNL-157,Scrutinizing Sergeant,Unleashed,UNL,Common,Standard,Standard,false,5,English,,,,,
UNL-158,Shepherd's Heirloom,Unleashed,UNL,Common,Standard,Standard,false,1,English,Near Mint,,,,
UNL-158,Shepherd's Heirloom,Unleashed,UNL,Common,Standard,Standard,false,3,English,,,,,
UNL-159,Soul Harvest,Unleashed,UNL,Common,Standard,Standard,false,5,English,,,,,
UNL-159,Soul Harvest,Unleashed,UNL,Common,Standard,Standard,false,2,English,Near Mint,,,,
UNL-160,Ultrasoft Poro,Unleashed,UNL,Common,Standard,Standard,false,6,English,,,,,
UNL-160,Ultrasoft Poro,Unleashed,UNL,Common,Standard,Standard,false,2,English,Near Mint,,,,
UNL-161,Divining Shells,Unleashed,UNL,Uncommon,Standard,Standard,false,4,English,,,,,
UNL-162,Enthralling Protector,Unleashed,UNL,Uncommon,Standard,Standard,false,4,English,,,,,
UNL-163,Mageseeker Investigator,Unleashed,UNL,Uncommon,Standard,Standard,false,3,English,,,,,
UNL-164,Safety Inspector,Unleashed,UNL,Uncommon,Standard,Standard,false,1,English,,,,,
UNL-165,Shadow's Call,Unleashed,UNL,Uncommon,Standard,Standard,false,1,English,Near Mint,,,,
UNL-165,Shadow's Call,Unleashed,UNL,Uncommon,Standard,Standard,false,2,English,,,,,
UNL-166,Stalking Wolf,Unleashed,UNL,Uncommon,Standard,Standard,false,1,English,,,,,
UNL-166,Stalking Wolf,Unleashed,UNL,Uncommon,Standard,Standard,true,1,English,,,,,
UNL-166,Stalking Wolf,Unleashed,UNL,Uncommon,Standard,Standard,false,1,English,Near Mint,,,,
UNL-167,Starhound,Unleashed,UNL,Uncommon,Standard,Standard,false,1,English,Near Mint,,,,
UNL-167,Starhound,Unleashed,UNL,Uncommon,Standard,Standard,false,1,English,,,,,
UNL-168,Undying Loyalty,Unleashed,UNL,Uncommon,Standard,Standard,false,1,English,,,,,
UNL-168,Undying Loyalty,Unleashed,UNL,Uncommon,Standard,Standard,true,1,English,,,,,
UNL-169,"Ashe, Focused",Unleashed,UNL,Rare,Standard,Standard,true,1,English,Near Mint,,,,
UNL-170,Atakhan,Unleashed,UNL,Rare,Standard,Standard,true,1,English,,,,,
UNL-171,"Galio, Indefatigable",Unleashed,UNL,Rare,Standard,Standard,true,2,English,,,,,
UNL-173,Sacrifice,Unleashed,UNL,Rare,Standard,Standard,true,2,English,,,,,
UNL-174,Shard of Undoing,Unleashed,UNL,Rare,Standard,Standard,true,1,English,,,,,
UNL-174,Shard of Undoing,Unleashed,UNL,Rare,Standard,Standard,true,1,English,Near Mint,,,,
UNL-175,Tactical Retreat,Unleashed,UNL,Rare,Standard,Standard,true,2,English,,,,,
UNL-176,"Vi, Peacekeeper",Unleashed,UNL,Rare,Standard,Standard,true,2,English,,,,,
UNL-180,The Ruination,Unleashed,UNL,Epic,Standard,Standard,true,1,English,Near Mint,,,,
UNL-180,The Ruination,Unleashed,UNL,Epic,Standard,Standard,true,1,English,,,,,
UNL-181,"Jhin, Virtuoso",Unleashed,UNL,Rare,Standard,Standard,true,1,English,,,,,
UNL-181,"Jhin, Virtuoso",Unleashed,UNL,Rare,Standard,Standard,true,1,English,Near Mint,,,,
UNL-184,Thrill of the Hunt,Unleashed,UNL,Epic,Standard,Standard,true,1,English,,,,,
UNL-185,"Pyke, Bloodharbor Ripper",Unleashed,UNL,Rare,Standard,Standard,true,1,English,Near Mint,,,,
UNL-185,"Pyke, Bloodharbor Ripper",Unleashed,UNL,Rare,Standard,Standard,true,2,English,,,,,
UNL-187,"Vi, Piltover Enforcer",Unleashed,UNL,Rare,Standard,Standard,true,3,English,,,,,
UNL-188,Hextech Gauntlets,Unleashed,UNL,Epic,Standard,Standard,true,1,English,,,,,
UNL-189,"Lillia, Bashful Bloom",Unleashed,UNL,Rare,Standard,Standard,true,3,English,,,,,
UNL-191,"Master Yi, Wuju Master",Unleashed,UNL,Rare,Standard,Standard,true,2,English,,,,,
UNL-193,"Vex, Gloomist",Unleashed,UNL,Rare,Standard,Standard,true,2,English,,,,,
UNL-194,Shadow,Unleashed,UNL,Epic,Standard,Standard,true,1,English,,,,,
UNL-195,"Ivern, Green Father",Unleashed,UNL,Rare,Standard,Standard,true,1,English,,,,,
UNL-197,"Diana, Scorn of the Moon",Unleashed,UNL,Rare,Standard,Standard,true,2,English,,,,,
UNL-199,"LeBlanc, Deceiver",Unleashed,UNL,Rare,Standard,Standard,true,1,English,,,,,
UNL-200,Mirror Image,Unleashed,UNL,Epic,Standard,Standard,true,1,English,Near Mint,,,,
UNL-200,Mirror Image,Unleashed,UNL,Epic,Standard,Standard,true,1,English,,,,,
UNL-201,"Kha'Zix, Voidreaver",Unleashed,UNL,Rare,Standard,Standard,true,2,English,,,,,
UNL-202,Void Assault,Unleashed,UNL,Epic,Standard,Standard,true,1,English,,,,,
UNL-203,"Poppy, Keeper of the Hammer",Unleashed,UNL,Rare,Standard,Standard,true,2,English,,,,,
UNL-204,Keeper's Verdict,Unleashed,UNL,Epic,Standard,Standard,true,1,English,,,,,
UNL-205,Abandoned Hall,Unleashed,UNL,Uncommon,Standard,Standard,false,3,English,,,,,
UNL-206,Altar of Blood,Unleashed,UNL,Uncommon,Standard,Standard,true,1,English,,,,,
UNL-207,Amateur Recital,Unleashed,UNL,Uncommon,Standard,Standard,false,6,English,,,,,
UNL-207,Amateur Recital,Unleashed,UNL,Uncommon,Standard,Standard,false,1,English,Near Mint,,,,
UNL-208,Black Flame Altar,Unleashed,UNL,Uncommon,Standard,Standard,false,1,English,Near Mint,,,,
UNL-208,Black Flame Altar,Unleashed,UNL,Uncommon,Standard,Standard,false,2,English,,,,,
UNL-209,Dusk Rose Lab,Unleashed,UNL,Uncommon,Standard,Standard,false,3,English,,,,,
UNL-210,Forbidding Waste,Unleashed,UNL,Uncommon,Standard,Standard,false,4,English,,,,,
UNL-210,Forbidding Waste,Unleashed,UNL,Uncommon,Standard,Standard,false,1,English,Near Mint,,,,
UNL-211,Forgotten Library,Unleashed,UNL,Uncommon,Standard,Standard,false,1,English,Near Mint,,,,
UNL-211,Forgotten Library,Unleashed,UNL,Uncommon,Standard,Standard,false,3,English,,,,,
UNL-212,Frozen Fortress,Unleashed,UNL,Uncommon,Standard,Standard,false,4,English,,,,,
UNL-212,Frozen Fortress,Unleashed,UNL,Uncommon,Standard,Standard,false,1,English,Near Mint,,,,
UNL-213,Gardens of Becoming,Unleashed,UNL,Uncommon,Standard,Standard,false,3,English,,,,,
UNL-214,Ripper's Bay,Unleashed,UNL,Uncommon,Standard,Standard,false,1,English,Near Mint,,,,
UNL-214,Ripper's Bay,Unleashed,UNL,Uncommon,Standard,Standard,false,3,English,,,,,
UNL-215,Star Spring,Unleashed,UNL,Uncommon,Standard,Standard,false,4,English,,,,,
UNL-215,Star Spring,Unleashed,UNL,Uncommon,Standard,Standard,false,2,English,Near Mint,,,,
UNL-216,The Academy,Unleashed,UNL,Uncommon,Standard,Standard,false,1,English,,,,,
UNL-217,Trapping Grounds,Unleashed,UNL,Uncommon,Standard,Standard,false,2,English,,,,,
UNL-218,Valley of Idols,Unleashed,UNL,Uncommon,Standard,Standard,false,3,English,,,,,
UNL-219,Vaults of Helia,Unleashed,UNL,Uncommon,Standard,Standard,false,2,English,Near Mint,,,,
UNL-219,Vaults of Helia,Unleashed,UNL,Uncommon,Standard,Standard,false,4,English,,,,,
UNL-R03a,Mind Rune,Unleashed,UNL,Showcase,Alt Art,UNL Foil,true,1,English,,,,,
UNL-R04a,Body Rune,Unleashed,UNL,Showcase,Alt Art,UNL Foil,true,1,English,,,,,
UNL-T01,Baron Pit,Unleashed,UNL,Common,Standard,Standard,false,1,English,,,,,
UNL-T05,Gold,Unleashed,UNL,Common,Standard,UNL Standard,false,1,English,Near Mint,,,,
UNL-T06,Reflection,Unleashed,UNL,Common,Standard,Standard,false,1,English,Near Mint,,,,
UNL-T08,XP Tracker,Unleashed,UNL,Common,Standard,Standard,false,1,English,Near Mint,,,,